id,title,client,description,video_url,thumbnail_url,category,budget_range,duration_minutes,year,featured,published,sort_order,created_at,updated_at,slug,client_name,services,location,project_date,short_description,full_description,purpose,additional_images,cloudflare_stream_id,cloudflare_stream_url,cloudflare_thumbnail_url,client_logo_url,client_website_url,results_metrics,testimonial,testimonial_author,extra_notes,coming_soon,client_logos
02fc968a-1332-4f33-a9cb-b375c68b778f,O'Daniel Cars Commercial,O'Daniel Cars,Automotive commercial highlighting quality vehicles and trusted service.,,,commercial,,,,false,false,0,2025-09-05 19:22:14.116384+00,2025-09-09 21:17:52.331821+00,odaniel-cars-commercial,O'Daniel Cars,"[""Scripting"",""Cinematography"",""Editing""]","Fort Wayne, IN",2025-01-01,Automotive commercial highlighting quality vehicles and trusted service.,"Produced a professional commercial for O'Daniel Cars that showcases their quality vehicles and commitment to customer service. The project emphasizes trust, value, and the personal attention that sets them apart in the automotive market.",Drive vehicle sales and build brand trust in the local market,[],,,,https://fweeyjnqwxywmpmnqpts.supabase.co/storage/v1/object/sign/media/logos/ODanielLogo.png?token=eyJraWQiOiJzdG9yYWdlLXVybC1zaWduaW5nLWtleV9lNzYzNTA0Yi05ZmEzLTQxNjAtYWRiZC05OTcyOWUwYTg0YTgiLCJhbGciOiJIUzI1NiJ9.eyJ1cmwiOiJtZWRpYS9sb2dvcy9PRGFuaWVsTG9nby5wbmciLCJpYXQiOjE3NTcyNzg4NjYsImV4cCI6MTc4ODgxNDg2Nn0.zu13kAH7-G12rCnLfBLoEnPI66HwO2v4Q11Kz3ImP5M,,,,,,true,[]
11881461-f9a0-4867-a225-5f453ff1c650,Fort Wayne Carnival Recap,Kissel Entertainment,High-energy event recap capturing the excitement of Fort Wayne's premier carnival.,https://iframe.videodelivery.net/1a0f730d316664839064b8a88543d63a?muted=true&autoplay=true&loop=true&controls=false&quality=4k,https://videodelivery.net/1a0f730d316664839064b8a88543d63a/thumbnails/thumbnail.jpg?time=1s,commercial,,,,false,true,0,2025-09-05 19:22:14.116384+00,2025-09-09 21:09:10.354199+00,fort-wayne-carnival-recap,Kissel Entertainment,"[""Cinematography"",""Editing"",""Color Grading""]","Fort Wayne, IN",2025-08-01,High-energy event recap capturing the excitement of Fort Wayne's premier carnival.,"Created an energetic recap video for Kissel Entertainment showcasing the excitement and atmosphere of Fort Wayne's carnival. The project captures the joy of families, thrilling rides, and community spirit that makes this annual event special.",Showcase successful event and build anticipation for future carnivals,"[""https://iframe.videodelivery.net/cfcfbc2095a6ffe6b604df167da07420?muted=true&autoplay=true&loop=true&controls=false&quality=4k"",""https://iframe.videodelivery.net/19bb87f97b2d938f944a57a1df2d5996?muted=true&autoplay=true&loop=true&controls=false&quality=4k""]",,,,https://fweeyjnqwxywmpmnqpts.supabase.co/storage/v1/object/public/media/logos/KisselLogo.png,,,,,,false,
16be32f3-1bac-44f4-927c-9d3a5dc855fe,Dear Lover - Music Video,Lyaz,Cinematic music video bringing artistic vision to life through compelling visuals.,,,commercial,,,,false,false,0,2025-09-05 19:22:14.116384+00,2025-09-09 21:17:52.331821+00,dear-lover-music-video,Lyaz,"[""Scripting"",""Cinematography"",""Editing""]","Fort Wayne, IN",2025-07-01,Cinematic music video bringing artistic vision to life through compelling visuals.,"Collaborated with artist Lyaz to create a visually stunning music video for ""Dear Lover."" This project combined creative scripting with dynamic cinematography to tell a compelling visual story that perfectly complements the music and artist's vision.",Create compelling visual content to amplify the artist's musical message,[],,,,,,,,,,true,[]
21c6505a-e71d-4ab7-ad07-dd8b7edef97a,Aegis Dental - Trusted Dentistry,Aegis Dental Group,Professional healthcare video showcasing trusted dental care and modern facilities.,https://iframe.videodelivery.net/089a5f4bac2141b90d9583820ee2b6cb?muted=true&autoplay=true&loop=true&controls=false&quality=4k,https://videodelivery.net/089a5f4bac2141b90d9583820ee2b6cb/thumbnails/thumbnail.jpg?time=1s,commercial,,,,true,true,0,2025-09-05 19:22:14.116384+00,2025-09-07 21:04:33.252456+00,aegis-dental-trusted-dentistry,Aegis Dental Group,"[""Cinematography"",""Editing"",""Color Grading""]","Fort Wayne, IN",2025-08-01,Professional healthcare video showcasing trusted dental care and modern facilities.,"Created a professional video for Aegis Dental Group that builds trust and showcases their modern dental facilities. The project focuses on patient comfort, advanced technology, and the caring approach that sets them apart in dental care.",Build patient trust and showcase modern dental care,[],,,,https://fweeyjnqwxywmpmnqpts.supabase.co/storage/v1/object/sign/media/logos/TrustedDentalLogo.png?token=eyJraWQiOiJzdG9yYWdlLXVybC1zaWduaW5nLWtleV9lNzYzNTA0Yi05ZmEzLTQxNjAtYWRiZC05OTcyOWUwYTk0YTgiLCJhbGciOiJIUzI1NiJ9.eyJ1cmwiOiJtZWRpYS9sb2dvcy9UcnVzdGVkRGVudGFsTG9nby5wbmciLCJpYXQiOjE3NTcyNzg5MDMsImV4cCI6MTc4ODgxNDkwM30.hJ828EI2mlRpqydSAAaSp7FQcqE9hlhxZmrL86Y7q3U,,,,,,false,[]
2a535603-274c-448d-ae07-7c97e84d6ef6,Brookfield Zoo Ferris Wheel Commercial,RideWorx & Brookfield Zoo,Dynamic commercial highlighting the new ferris wheel attraction at Brookfield Zoo.,https://iframe.videodelivery.net/b3b94bd1543e2452571b90aab0a38e9b?muted=true&autoplay=true&loop=true&controls=false&quality=4k,https://videodelivery.net/b3b94bd1543e2452571b90aab0a38e9b/thumbnails/thumbnail.jpg?time=1s,commercial,,,,true,true,0,2025-09-05 19:22:14.116384+00,2025-09-09 21:09:10.354199+00,brookfield-zoo-ferris-wheel,RideWorx & Brookfield Zoo,"[""Scripting"",""Cinematography"",""Editing"",""Color Grading""]","Brookfield, Illinois",2025-09-01,Dynamic commercial highlighting the new ferris wheel attraction at Brookfield Zoo.,Partnered with RideWorx and Brookfield Zoo to create a compelling commercial that showcases their new ferris wheel attraction. The project captures the excitement of families enjoying this unique zoo experience while highlighting the beautiful park setting.,Promote new attraction and increase zoo attendance,"[""https://fweeyjnqwxywmpmnqpts.supabase.co/storage/v1/object/public/media/projects/BrookfieldZoo/_DSC8300.jpg"",""https://fweeyjnqwxywmpmnqpts.supabase.co/storage/v1/object/public/media/projects/BrookfieldZoo/_DSC8303.jpg"",""https://fweeyjnqwxywmpmnqpts.supabase.co/storage/v1/object/public/media/projects/BrookfieldZoo/_DSC8322.jpg"",""https://fweeyjnqwxywmpmnqpts.supabase.co/storage/v1/object/public/media/projects/BrookfieldZoo/_DSC8364.jpg"",""https://fweeyjnqwxywmpmnqpts.supabase.co/storage/v1/object/public/media/projects/BrookfieldZoo/_DSC8396.jpg"",""https://fweeyjnqwxywmpmnqpts.supabase.co/storage/v1/object/public/media/projects/BrookfieldZoo/_DSC8429.jpg"",""https://fweeyjnqwxywmpmnqpts.supabase.co/storage/v1/object/public/media/projects/BrookfieldZoo/_DSC8445.jpg"",""https://fweeyjnqwxywmpmnqpts.supabase.co/storage/v1/object/public/media/projects/BrookfieldZoo/_DSC8487.jpg""]",,,,https://fweeyjnqwxywmpmnqpts.supabase.co/storage/v1/object/public/media/logos/BrookfieldZooLogo.png,,,,,,false,"[""https://fweeyjnqwxywmpmnqpts.supabase.co/storage/v1/object/public/media/logos/BrookfieldZooLogo.png"",""https://fweeyjnqwxywmpmnqpts.supabase.co/storage/v1/object/public/media/logos/RideWorxLogo.png""]"
328365d3-163e-46a4-a21c-e5c5733b513b,Vegas Dream - Travel Content,Sweet Dreams Media,,https://iframe.videodelivery.net/a3cd0eb92f95b9b5bef859c197a91465?muted=true&controls=false&autoplay=true&loop=true,https://fweeyjnqwxywmpmnqpts.supabase.co/storage/v1/object/public/media/projects/VegasDream/VegasDreamCover.png,commercial,,,,false,true,0,2025-09-09 22:34:33.853649+00,2025-09-09 23:05:08.706831+00,vegas-dream-travel-content,Sweet Dreams Media,"[""Video Production"",""Travel Content"",""Cinematic""]","Las Vegas, Nevada",2024-01-01,Cinematic travel content showcasing the vibrant energy and luxury of Las Vegas,"A stunning visual journey through Las Vegas, capturing the city's iconic landmarks, luxurious hotels, and electric atmosphere. This travel content piece showcases our ability to create compelling destination marketing materials.",,[],a3cd0eb92f95b9b5bef859c197a91465,https://customer-bt0bzj0ogm4g5mbc.cloudflarestream.com/a3cd0eb92f95b9b5bef859c197a91465/manifest/video.m3u8,https://customer-bt0bzj0ogm4g5mbc.cloudflarestream.com/a3cd0eb92f95b9b5bef859c197a91465/thumbnails/thumbnail.jpg?time=5s,https://fweeyjnqwxywmpmnqpts.supabase.co/storage/v1/object/public/media/logos/sweetDreamsProdlogo.png,,,,,,false,[]
404fe854-7ef8-48d1-ac63-28f82ba15dc9,Crooked Lake Music Festival Recap,Sandbar Music Fest & Crushhouse Brothers Band,Music festival recap capturing performances and festival atmosphere.,,,commercial,,,,false,false,0,2025-09-05 19:22:14.116384+00,2025-09-09 21:17:52.331821+00,crooked-lake-music-festival-recap,Sandbar Music Fest & Crushhouse Brothers Band,"[""Cinematography"",""Editing"",""Color Grading""]","Angola, IN",2025-07-01,Music festival recap capturing performances and festival atmosphere.,"Created an energetic recap of the Crooked Lake Music Festival, showcasing performances by Crushhouse Brothers Band and capturing the unique lakeside festival atmosphere. The project highlights both the musical talent and natural beauty of the venue.",Showcase successful festival and promote future events,[],,,,https://fweeyjnqwxywmpmnqpts.supabase.co/storage/v1/object/sign/media/logos/CrookedLakeLogo.png?token=eyJraWQiOiJzdG9yYWdlLXVybC1zaWduaW5nLWtleV9lNzYzNTA0Yi05ZmEzLTQxNjAtYWRiZC05OTcyOWUwYTg0YTgiLCJhbGciOiJIUzI1NiJ9.eyJ1cmwiOiJtZWRpYS9sb2dvcy9Dcm9va2VkTGFrZUxvZ28ucG5nIiwiaWF0IjoxNzU3Mjc4ODM5LCJleHAiOjE3ODg4MTQ4Mzl9.pn_wbu-MFZzKlfOCrIJWIQQNXFYuu4HrEPS2p-pAJbc,,,,,,true,[]
4e5bf80b-02c2-4e97-bb8d-37a3ff502324,Fort Wayne HyperLapse City Showcase,Sweet Dreams Media,Dynamic city showcase using advanced hyperlapse techniques.,https://iframe.cloudflarestream.com/a507a5b8a369b70b7332c0567cbbcc4c?muted=true&controls=false&autoplay=true&loop=true,https://customer-w6h9o08eg118alny.cloudflarestream.com/a507a5b8a369b70b7332c0567cbbcc4c/thumbnails/thumbnail.jpg?time=5s,commercial,,,,true,true,0,2025-09-05 19:22:14.116384+00,2025-09-08 21:01:04.420394+00,fort-wayne-hyperlapse-showcase,Sweet Dreams Media,"[""Cinematography"",""Editing"",""Color Grading""]","Fort Wayne, IN",2025-08-01,Dynamic city showcase using advanced hyperlapse techniques.,"Created a stunning hyperlapse showcase of Fort Wayne that highlights the city's beauty, energy, and unique character. This personal project demonstrates advanced cinematography techniques while celebrating our hometown.",Showcase advanced cinematography skills and celebrate Fort Wayne,[],a507a5b8a369b70b7332c0567cbbcc4c,https://customer-w6h9o08eg118alny.cloudflarestream.com/a507a5b8a369b70b7332c0567cbbcc4c/manifest/video.m3u8,https://customer-w6h9o08eg118alny.cloudflarestream.com/a507a5b8a369b70b7332c0567cbbcc4c/thumbnails/thumbnail.jpg?time=5s,https://fweeyjnqwxywmpmnqpts.supabase.co/storage/v1/object/sign/media/logos/VisitFortWayneLogo.png?token=eyJraWQiOiJzdG9yYWdlLXVybC1zaWduaW5nLWtleV9lNzYzNTA0Yi05ZmEzLTQxNjAtYWRiZC05OTcyOWUwYTk0YTgiLCJhbGciOiJIUzI1NiJ9.eyJ1cmwiOiJtZWRpYS9sb2dvcy9WaXNpdEZvcnRXYXluZUxvZ28ucG5nIiwiaWF0IjoxNzU3Mjc4OTA3LCJleHAiOjE3ODg4MTQ5MDd9.Nqg0-a7mEwbdQ5o5oG87Mq2HJFdl-K8vu27RMI8lgvo,,,,,,false,[]
5187ca0d-35e3-47ff-b775-980daf8b3f02,Sliced By Sonny Commercial,Sliced By Sonny,"A dynamic vertical commercial created for Sliced By Sonny, designed for modern social media platforms and mobile viewing.",https://iframe.videodelivery.net/877826bd010c5e4a495de0b8f125c8a5?muted=true&autoplay=true&loop=true&controls=false&quality=4k,https://fweeyjnqwxywmpmnqpts.supabase.co/storage/v1/object/public/media/projects/JSonnyBarberShop/DSC07101.jpg,commercial,,,,false,true,0,2025-09-07 22:24:26.829855+00,2025-09-09 21:09:10.354199+00,sliced-by-sonny-commercial,Sliced By Sonny,"[""Commercial Production"",""Vertical Video"",""Social Media Content"",""Brand Showcase""]","Fort Wayne, IN",2024-01-01,Vertical commercial showcasing Sliced By Sonny's premium services,This vertical format commercial was specifically crafted for Sliced By Sonny to maximize engagement on mobile platforms and social media channels. The video showcases their services in a format optimized for today's viewing habits.,Brand promotion and social media marketing,"[""https://fweeyjnqwxywmpmnqpts.supabase.co/storage/v1/object/public/media/projects/JSonnyBarberShop/DSC07101.jpg"",""https://fweeyjnqwxywmpmnqpts.supabase.co/storage/v1/object/public/media/projects/JSonnyBarberShop/DSC07108.jpg"",""https://fweeyjnqwxywmpmnqpts.supabase.co/storage/v1/object/public/media/projects/JSonnyBarberShop/DSC07122.jpg"",""https://fweeyjnqwxywmpmnqpts.supabase.co/storage/v1/object/public/media/projects/JSonnyBarberShop/DSC07123.jpg""]",,,,https://fweeyjnqwxywmpmnqpts.supabase.co/storage/v1/object/public/media/logos/slicedBySonny.png,,,,,,false,[]
64beb582-faf0-4937-b68b-dc540be99d20,"Cumberland Falls, KY Nature Showcase",Personal Project,Breathtaking nature documentary showcasing the beauty of the Smoky Mountains.,https://iframe.cloudflarestream.com/62314c34c826a3b298815ee506ad875f?muted=true&controls=false&autoplay=true&loop=true,https://customer-w6h9o08eg118alny.cloudflarestream.com/62314c34c826a3b298815ee506ad875f/thumbnails/thumbnail.jpg?time=3s,commercial,,,,false,true,0,2025-09-05 19:42:56.56647+00,2025-09-09 23:05:08.706831+00,cumberland-falls-ky-nature-showcase,Personal Project,"[""Cinematography"",""Editing"",""Color Grading""]","Cumberland Falls, Kentucky",2025-04-01,Cinematic showcase of the magnificent Cumberland Falls waterfall in Kentucky,"A breathtaking cinematic journey showcasing the natural beauty and power of Cumberland Falls, known as the ""Niagara of the South."" This collection captures the falls from multiple perspectives including slow-motion footage, sunrise cinematography, and unique under-bridge angles.",Showcase nature cinematography capabilities and artistic vision,"[""https://iframe.cloudflarestream.com/00bab95ad8ca84e9f4dffa1c30536818?muted=true&controls=false&autoplay=true&loop=true""]",62314c34c826a3b298815ee506ad875f,https://customer-w6h9o08eg118alny.cloudflarestream.com/62314c34c826a3b298815ee506ad875f/manifest/video.m3u8,https://customer-w6h9o08eg118alny.cloudflarestream.com/62314c34c826a3b298815ee506ad875f/thumbnails/thumbnail.jpg?time=3s,https://fweeyjnqwxywmpmnqpts.supabase.co/storage/v1/object/public/media/logos/sweetDreamsProdlogo.png,,,,,,false,[]
708353c2-1180-42f3-a9a3-d9c0ea37779e,Vintage Fest Fort Wayne,Vintage Fest,Festival recap capturing the unique atmosphere of Fort Wayne's vintage celebration.,,https://fweeyjnqwxywmpmnqpts.supabase.co/storage/v1/object/public/media/projects/VintageFestFortWayne/DJI_20250817131856_0026_D.jpg,commercial,,,,false,true,0,2025-09-05 19:42:56.56647+00,2025-09-09 21:09:10.354199+00,vintage-fest-fort-wayne,Vintage Fest,"[""Cinematography"",""Editing"",""Color Grading""]","Fort Wayne, IN",2025-01-01,Festival recap capturing the unique atmosphere of Fort Wayne's vintage celebration.,"Documented the unique atmosphere and community spirit of Fort Wayne's Vintage Fest. This freelance project captures the nostalgia, music, and vintage culture that makes this annual celebration special for attendees and vendors alike.",Showcase festival highlights and build community engagement,"[""https://fweeyjnqwxywmpmnqpts.supabase.co/storage/v1/object/public/media/projects/VintageFestFortWayne/DJI_20250817131856_0026_D.jpg"",""https://fweeyjnqwxywmpmnqpts.supabase.co/storage/v1/object/public/media/projects/VintageFestFortWayne/DJI_20250817131904_0029_D.jpg"",""https://fweeyjnqwxywmpmnqpts.supabase.co/storage/v1/object/public/media/projects/VintageFestFortWayne/DJI_20250817133118_0038_D.jpg"",""https://fweeyjnqwxywmpmnqpts.supabase.co/storage/v1/object/public/media/projects/VintageFestFortWayne/DSC07195.jpg"",""https://fweeyjnqwxywmpmnqpts.supabase.co/storage/v1/object/public/media/projects/VintageFestFortWayne/DSC07198.jpg"",""https://fweeyjnqwxywmpmnqpts.supabase.co/storage/v1/object/public/media/projects/VintageFestFortWayne/DSC07208.jpg"",""https://fweeyjnqwxywmpmnqpts.supabase.co/storage/v1/object/public/media/projects/VintageFestFortWayne/DSC07212.jpg"",""https://fweeyjnqwxywmpmnqpts.supabase.co/storage/v1/object/public/media/projects/VintageFestFortWayne/DSC07218.jpg"",""https://fweeyjnqwxywmpmnqpts.supabase.co/storage/v1/object/public/media/projects/VintageFestFortWayne/DSC07223.jpg"",""https://fweeyjnqwxywmpmnqpts.supabase.co/storage/v1/object/public/media/projects/VintageFestFortWayne/DSC07224.jpg"",""https://fweeyjnqwxywmpmnqpts.supabase.co/storage/v1/object/public/media/projects/VintageFestFortWayne/DSC07227.jpg"",""https://fweeyjnqwxywmpmnqpts.supabase.co/storage/v1/object/public/media/projects/VintageFestFortWayne/DSC07228.jpg"",""https://fweeyjnqwxywmpmnqpts.supabase.co/storage/v1/object/public/media/projects/VintageFestFortWayne/DSC07231.jpg"",""https://fweeyjnqwxywmpmnqpts.supabase.co/storage/v1/object/public/media/projects/VintageFestFortWayne/DSC07243.jpg"",""https://fweeyjnqwxywmpmnqpts.supabase.co/storage/v1/object/public/media/projects/VintageFestFortWayne/DSC07244.jpg""]",,,,https://fweeyjnqwxywmpmnqpts.supabase.co/storage/v1/object/public/media/logos/SummitCityVintageLogo.jpg,,,,,,false,[]
be49fb82-cbfe-4ea2-958f-3be7dc8b1002,SnoB'iz SnowCone Truck Commercial,SnoB'iz,"Fun, energetic commercial for local snowcone truck business.",https://iframe.videodelivery.net/c2edacb37740868677353b6e519e8f53?muted=true&autoplay=true&loop=true&controls=false&quality=4k,https://fweeyjnqwxywmpmnqpts.supabase.co/storage/v1/object/public/media/projects/SnoBizSnoCone/_DSC4925.jpg,commercial,,,,false,true,0,2025-09-05 19:22:14.116384+00,2025-09-09 21:17:52.331821+00,snobiz-snowcone-truck-commercial,SnoB'iz,"[""Cinematography"",""Editing"",""Color Grading""]","New Haven, IN",2025-07-01,"Fun, energetic commercial for local snowcone truck business.","Created a vibrant, fun commercial for SnoB'iz snowcone truck that captures the joy and refreshment they bring to the community. The project showcases their colorful treats and family-friendly atmosphere.","Drive business traffic and showcase fun, family-friendly brand","[""https://fweeyjnqwxywmpmnqpts.supabase.co/storage/v1/object/public/media/projects/SnoBizSnoCone/_DSC4925.jpg"",""https://fweeyjnqwxywmpmnqpts.supabase.co/storage/v1/object/public/media/projects/SnoBizSnoCone/_DSC4935.jpg"",""https://fweeyjnqwxywmpmnqpts.supabase.co/storage/v1/object/public/media/projects/SnoBizSnoCone/_DSC4956.jpg"",""https://fweeyjnqwxywmpmnqpts.supabase.co/storage/v1/object/public/media/projects/SnoBizSnoCone/_DSC4960.jpg"",""https://fweeyjnqwxywmpmnqpts.supabase.co/storage/v1/object/public/media/projects/SnoBizSnoCone/_DSC4973.jpg""]",,,,https://fweeyjnqwxywmpmnqpts.supabase.co/storage/v1/object/public/media/logos/logo-snobiz-footer-ret.png,,,,,,false,[]
c1931af9-4918-4b11-8de6-21c23bfbacb1,Nissan Warsaw Dealership Commercial,Nissan Prime Dealer,Professional dealership commercial showcasing Nissan vehicles and customer experience.,,,commercial,,,,false,false,0,2025-09-05 19:22:14.116384+00,2025-09-09 21:17:52.331821+00,nissan-warsaw-dealership,Nissan Prime Dealer,"[""Cinematography"",""Editing"",""Color Grading""]","Warsaw, IN",2025-06-01,Professional dealership commercial showcasing Nissan vehicles and customer experience.,Created a polished commercial for Nissan's Warsaw dealership that highlights their vehicle selection and customer service excellence. The project showcases the dealership experience and the quality that customers can expect.,Increase dealership traffic and highlight premium vehicle selection,[],,,,https://fweeyjnqwxywmpmnqpts.supabase.co/storage/v1/object/sign/media/logos/nissanredlogo.png?token=eyJraWQiOiJzdG9yYWdlLXVybC1zaWduaW5nLWtleV9lNzYzNTA0Yi05ZmEzLTQxNjAtYWRiZC05OTcyOWUwYTg0YTgiLCJhbGciOiJIUzI1NiJ9.eyJ1cmwiOiJtZWRpYS9sb2dvcy9uaXNzYW5yZWRsb2dvLnBuZyIsImlhdCI6MTc1NzI3ODg2MSwiZXhwIjoxNzg4ODE0ODYxfQ.mMjos5LXuRWylwP0OHDtyLrxZF2svS_Fa60nHifOioA,,,,,,true,[]
c720395f-0954-4cb9-853d-f4836d0e34c2,Wake Up Blind Music Video,Jay Val Leo,"A compelling music video that combines narrative elements with performance footage to create an engaging visual story for Jay Val Leo's track ""Wake Up Blind"".",https://iframe.videodelivery.net/9db7601df93c3b1634ac41ad715aa9c6?muted=true&autoplay=true&loop=true&controls=false&quality=4k,https://videodelivery.net/9db7601df93c3b1634ac41ad715aa9c6/thumbnails/thumbnail.jpg?time=1s,commercial,,,,true,true,0,2025-09-07 17:21:23.010076+00,2025-09-07 21:04:33.252456+00,wake-up-blind-music-video,Jay Val Leo,"[""Music Video Production"",""Cinematography"",""Post-Production"",""Creative Direction""]",Indiana,2024-08-15,Official music video for Wake Up Blind featuring cinematic storytelling and performance footage.,"Full music video production showcasing the artist's vision through professional cinematography, lighting, and post-production techniques that enhance the song's emotional impact.",Create a professional music video that enhances the artistic message of the song while showcasing the artist's performance and creative vision.,[],,,,https://fweeyjnqwxywmpmnqpts.supabase.co/storage/v1/object/sign/media/logos/sweetDreamsMusiclogo.png?token=eyJraWQiOiJzdG9yYWdlLXVybC1zaWduaW5nLWtleV9lNzYzNTA0Yi05ZmEzLTQxNjAtYWRiZC05OTcyOWUwYTk0YTgiLCJhbGciOiJIUzI1NiJ9.eyJ1cmwiOiJtZWRpYS9sb2dvcy9zd2VldERyZWFtc011c2ljbG9nby5wbmciLCJpYXQiOjE3NTcyNzg4OTAsImV4cCI6MTc4ODgxNDg5MH0.SogeQrBgMCfd_XhnmlwI3cNxKc1b9mJv5fUU__FMJwA,,,,,,false,[]
d1f8625a-ce22-45bb-986a-31060f915802,Sweet Dreams Recording Studio Showcase,Sweet Dreams Media,Professional studio showcase highlighting recording facilities and capabilities.,https://iframe.videodelivery.net/d912b8bd58831e95431db3c24791e44b,https://customer-w6h9o08eg118alny.cloudflarestream.com/d912b8bd58831e95431db3c24791e44b/thumbnails/thumbnail.jpg?time=1s,commercial,,,,false,true,0,2025-09-05 19:42:56.56647+00,2025-09-25 16:27:15.98169+00,sweet-dreams-recording-studio,Sweet Dreams Media,"[""Cinematography"",""Editing"",""Color Grading""]","Fort Wayne, IN",2025-06-01,Professional studio showcase highlighting recording facilities and capabilities.,"Created a professional showcase video for our recording studio facilities, highlighting the equipment, atmosphere, and creative environment that musicians experience. This project demonstrates our dual capabilities in both video production and music recording.",Showcase recording studio facilities and attract musician clients,"[""https://fweeyjnqwxywmpmnqpts.supabase.co/storage/v1/object/public/media/projects/SweetDreamsMusicStudio/DSC00039.jpg"",""https://fweeyjnqwxywmpmnqpts.supabase.co/storage/v1/object/public/media/projects/SweetDreamsMusicStudio/DSC00041.jpg"",""https://fweeyjnqwxywmpmnqpts.supabase.co/storage/v1/object/public/media/projects/SweetDreamsMusicStudio/DSC00043.jpg""]",,,,https://fweeyjnqwxywmpmnqpts.supabase.co/storage/v1/object/public/media/logos/sweetDreamsProdlogo.png,,,,,,false,[]
d74606c5-ac33-405a-b769-50577623d63e,Kissel Entertainment Commercial & More,Freelance,Event coverage capturing the excitement of Knoxville's carnival atmosphere.,https://iframe.videodelivery.net/d554360a479b1380f96df7a4ef8f03a3,https://customer-w6h9o08eg118alny.cloudflarestream.com/d554360a479b1380f96df7a4ef8f03a3/thumbnails/thumbnail.jpg?time=1s,commercial,,,,true,true,0,2025-09-05 19:42:56.56647+00,2025-09-25 16:34:58.115458+00,knoxville-carnival-coverage,Kissel Entertainment,"[""Documentary Production"",""Event Coverage"",""Interview Production"",""Cinematic Trailers"",""Vertical Content"",""Multi-Format Delivery"",""Color Grading"",""Sound Design""]","Knoxville, TN",2025-01-01,"Comprehensive carnival coverage featuring exclusive interviews, cinematic showcases, and immersive event documentation for Kissel Entertainment.","A multi-faceted documentary project capturing the full carnival experience through various perspectives. This comprehensive coverage includes an exclusive interview with Kissel Entertainment leadership, cinematic trailers showcasing the event atmosphere, stunning sunset visuals, day-to-night transformations, and dynamic ride showcases.

The project demonstrates our versatility in event documentation, from intimate interviews to sweeping cinematic shots, delivering a complete visual narrative that captures both the business side and the magical experience of carnival entertainment.

This extensive coverage provides Kissel Entertainment with a complete content package suitable for marketing, documentation, and promotional use across all platforms.",Multi-format carnival documentation and promotional content creation,"[""https://fweeyjnqwxywmpmnqpts.supabase.co/storage/v1/object/public/media/projects/KnoxvilleCarnival/_DSC8522.jpg"",""https://fweeyjnqwxywmpmnqpts.supabase.co/storage/v1/object/public/media/projects/KnoxvilleCarnival/_DSC8528.jpg"",""https://fweeyjnqwxywmpmnqpts.supabase.co/storage/v1/object/public/media/projects/KnoxvilleCarnival/_DSC8875.jpg"",""https://fweeyjnqwxywmpmnqpts.supabase.co/storage/v1/object/public/media/projects/KnoxvilleCarnival/_DSC8923.jpg"",""https://fweeyjnqwxywmpmnqpts.supabase.co/storage/v1/object/public/media/projects/KnoxvilleCarnival/_DSC8934.jpg"",""https://fweeyjnqwxywmpmnqpts.supabase.co/storage/v1/object/public/media/projects/KnoxvilleCarnival/_DSC8938.jpg"",""https://fweeyjnqwxywmpmnqpts.supabase.co/storage/v1/object/public/media/projects/KnoxvilleCarnival/_DSC8943.jpg"",""https://fweeyjnqwxywmpmnqpts.supabase.co/storage/v1/object/public/media/projects/KnoxvilleCarnival/_DSC8959.jpg"",""https://fweeyjnqwxywmpmnqpts.supabase.co/storage/v1/object/public/media/projects/KnoxvilleCarnival/_DSC8963.jpg"",""https://fweeyjnqwxywmpmnqpts.supabase.co/storage/v1/object/public/media/projects/KnoxvilleCarnival/_DSC9074.jpg"",""https://fweeyjnqwxywmpmnqpts.supabase.co/storage/v1/object/public/media/projects/KnoxvilleCarnival/DJI_20250912211137_0109_D.jpg"",""https://fweeyjnqwxywmpmnqpts.supabase.co/storage/v1/object/public/media/projects/KnoxvilleCarnival/DJI_20250912212213_0133_D.jpg"",""https://fweeyjnqwxywmpmnqpts.supabase.co/storage/v1/object/public/media/projects/KnoxvilleCarnival/DJI_20250912212541_0149_D.jpg"",""https://fweeyjnqwxywmpmnqpts.supabase.co/storage/v1/object/public/media/projects/KnoxvilleCarnival/DJI_20250912213926_0169_D.jpg"",""https://fweeyjnqwxywmpmnqpts.supabase.co/storage/v1/object/public/media/projects/KnoxvilleCarnival/DJI_20250912214019_0181_D.jpg"",""https://fweeyjnqwxywmpmnqpts.supabase.co/storage/v1/object/public/media/projects/KnoxvilleCarnival/DSC08497.jpg"",""https://fweeyjnqwxywmpmnqpts.supabase.co/storage/v1/object/public/media/projects/KnoxvilleCarnival/DSC08500.jpg"",""https://fweeyjnqwxywmpmnqpts.supabase.co/storage/v1/object/public/media/projects/KnoxvilleCarnival/DSC08502.jpg"",""https://fweeyjnqwxywmpmnqpts.supabase.co/storage/v1/object/public/media/projects/KnoxvilleCarnival/DSC08504.jpg"",""https://fweeyjnqwxywmpmnqpts.supabase.co/storage/v1/object/public/media/projects/KnoxvilleCarnival/DSC08506.jpg"",""https://fweeyjnqwxywmpmnqpts.supabase.co/storage/v1/object/public/media/projects/KnoxvilleCarnival/DSC08516.jpg"",""https://fweeyjnqwxywmpmnqpts.supabase.co/storage/v1/object/public/media/projects/KnoxvilleCarnival/DSC08526.jpg"",""https://fweeyjnqwxywmpmnqpts.supabase.co/storage/v1/object/public/media/projects/KnoxvilleCarnival/DSC08561.jpg"",""https://fweeyjnqwxywmpmnqpts.supabase.co/storage/v1/object/public/media/projects/KnoxvilleCarnival/DSC08568.jpg"",""https://fweeyjnqwxywmpmnqpts.supabase.co/storage/v1/object/public/media/projects/KnoxvilleCarnival/DSC08583.jpg"",""https://fweeyjnqwxywmpmnqpts.supabase.co/storage/v1/object/public/media/projects/KnoxvilleCarnival/DSC08585.jpg"",""https://fweeyjnqwxywmpmnqpts.supabase.co/storage/v1/object/public/media/projects/KnoxvilleCarnival/DSC08595.jpg"",""https://fweeyjnqwxywmpmnqpts.supabase.co/storage/v1/object/public/media/projects/KnoxvilleCarnival/DSC08604.jpg"",""https://fweeyjnqwxywmpmnqpts.supabase.co/storage/v1/object/public/media/projects/KnoxvilleCarnival/DSC08606.jpg"",""https://fweeyjnqwxywmpmnqpts.supabase.co/storage/v1/object/public/media/projects/KnoxvilleCarnival/DSC08609.jpg"",""https://fweeyjnqwxywmpmnqpts.supabase.co/storage/v1/object/public/media/projects/KnoxvilleCarnival/DSC08613.jpg"",""https://fweeyjnqwxywmpmnqpts.supabase.co/storage/v1/object/public/media/projects/KnoxvilleCarnival/DSC08619.jpg"",""https://fweeyjnqwxywmpmnqpts.supabase.co/storage/v1/object/public/media/projects/KnoxvilleCarnival/DSC08632.jpg"",""https://fweeyjnqwxywmpmnqpts.supabase.co/storage/v1/object/public/media/projects/KnoxvilleCarnival/DSC08639.jpg"",""https://fweeyjnqwxywmpmnqpts.supabase.co/storage/v1/object/public/media/projects/KnoxvilleCarnival/DSC08650.jpg"",""https://fweeyjnqwxywmpmnqpts.supabase.co/storage/v1/object/public/media/projects/KnoxvilleCarnival/DSC08654.jpg"",""https://fweeyjnqwxywmpmnqpts.supabase.co/storage/v1/object/public/media/projects/KnoxvilleCarnival/DSC08671.jpg"",""https://fweeyjnqwxywmpmnqpts.supabase.co/storage/v1/object/public/media/projects/KnoxvilleCarnival/DSC08677.jpg"",""https://fweeyjnqwxywmpmnqpts.supabase.co/storage/v1/object/public/media/projects/KnoxvilleCarnival/DSC08681.jpg"",""https://fweeyjnqwxywmpmnqpts.supabase.co/storage/v1/object/public/media/projects/KnoxvilleCarnival/DSC08689.jpg"",""https://fweeyjnqwxywmpmnqpts.supabase.co/storage/v1/object/public/media/projects/KnoxvilleCarnival/DSC08735.jpg"",""https://fweeyjnqwxywmpmnqpts.supabase.co/storage/v1/object/public/media/projects/KnoxvilleCarnival/DSC08738.jpg"",""https://fweeyjnqwxywmpmnqpts.supabase.co/storage/v1/object/public/media/projects/KnoxvilleCarnival/DSC08775.jpg"",""https://fweeyjnqwxywmpmnqpts.supabase.co/storage/v1/object/public/media/projects/KnoxvilleCarnival/DSC08788.jpg"",""https://fweeyjnqwxywmpmnqpts.supabase.co/storage/v1/object/public/media/projects/KnoxvilleCarnival/DSC08829.jpg"",""https://fweeyjnqwxywmpmnqpts.supabase.co/storage/v1/object/public/media/projects/KnoxvilleCarnival/DSC08840.jpg"",""https://fweeyjnqwxywmpmnqpts.supabase.co/storage/v1/object/public/media/projects/KnoxvilleCarnival/DSC08853.jpg"",""https://fweeyjnqwxywmpmnqpts.supabase.co/storage/v1/object/public/media/projects/KnoxvilleCarnival/DSC08864.jpg"",""https://fweeyjnqwxywmpmnqpts.supabase.co/storage/v1/object/public/media/projects/KnoxvilleCarnival/DSC08871.jpg"",""https://fweeyjnqwxywmpmnqpts.supabase.co/storage/v1/object/public/media/projects/KnoxvilleCarnival/DSC08873.jpg""]",,,,https://fweeyjnqwxywmpmnqpts.supabase.co/storage/v1/object/public/media/logos/kisselLogo.webp,,,,,"Additional Videos in this Project:

Main Interview (with captions) - Video ID: 3fc86dceda74ba01653ac421e0211b4c
   https://iframe.videodelivery.net/3fc86dceda74ba01653ac421e0211b4c

1. Cinematic Trailer 2 Final - Video ID: 7b576d365a6ccc9dc9c1be3e8b39ae82
   https://iframe.videodelivery.net/7b576d365a6ccc9dc9c1be3e8b39ae82

2. Sunset Video Final - Video ID: b4fea9b4bb925313d6c2ad0cbdb08d19
   https://iframe.videodelivery.net/b4fea9b4bb925313d6c2ad0cbdb08d19

3. Day Night Final - Video ID: 2951979a7710b955fa15770099aef52a
   https://iframe.videodelivery.net/2951979a7710b955fa15770099aef52a

4. Ride Showcase Final (Horizontal) - Video ID: f4854323836cd38c28e00d3f7aa260e9
   https://iframe.videodelivery.net/f4854323836cd38c28e00d3f7aa260e9

5. Ride Showcase Final (Vertical) - Video ID: 6b9afe5c623a2e18edbe977a800e976e
   https://iframe.videodelivery.net/6b9afe5c623a2e18edbe977a800e976e

6. Carnival Template Video Final - Video ID: 851821b5ba9d7b4ca9abc3f80660016d
   https://iframe.videodelivery.net/851821b5ba9d7b4ca9abc3f80660016d",true,[]
f8f52c47-3e4c-440b-9050-466caaaed8d1,Indianapolis Children's Museum Ferris Wheel Experience,Indianapolis Children's Museum,Captivating commercial showcasing the museum's new ferris wheel attraction for families.,https://iframe.videodelivery.net/7a243650c649bdcf4369622acd47abf6?muted=true&autoplay=true&loop=true&controls=false&quality=4k,https://videodelivery.net/7a243650c649bdcf4369622acd47abf6/thumbnails/thumbnail.jpg?time=1s,commercial,,,,true,true,0,2025-09-05 19:22:14.116384+00,2025-09-09 21:09:10.354199+00,indianapolis-childrens-museum-ferris-wheel,Indianapolis Children's Museum,"[""Scripting"",""Cinematography"",""Editing"",""Color Grading""]","Indianapolis, IN",2025-09-01,Captivating commercial showcasing the museum's new ferris wheel attraction for families.,Created an engaging commercial for the Indianapolis Children's Museum featuring their exciting ferris wheel experience. This project combined storytelling with dynamic cinematography to showcase the joy and wonder that families experience when visiting this beloved attraction.,Drive family visitation and highlight the museum's premium attractions,"[""https://fweeyjnqwxywmpmnqpts.supabase.co/storage/v1/object/public/media/projects/IndyChildrenMuseum/_DSC8178.jpg"",""https://fweeyjnqwxywmpmnqpts.supabase.co/storage/v1/object/public/media/projects/IndyChildrenMuseum/_DSC8180.jpg"",""https://fweeyjnqwxywmpmnqpts.supabase.co/storage/v1/object/public/media/projects/IndyChildrenMuseum/_DSC8183.jpg"",""https://fweeyjnqwxywmpmnqpts.supabase.co/storage/v1/object/public/media/projects/IndyChildrenMuseum/_DSC8252.jpg"",""https://fweeyjnqwxywmpmnqpts.supabase.co/storage/v1/object/public/media/projects/IndyChildrenMuseum/DJI_20250827164633_0038_D.jpg"",""https://fweeyjnqwxywmpmnqpts.supabase.co/storage/v1/object/public/media/projects/IndyChildrenMuseum/DJI_20250827195324_0057_D.jpg"",""https://fweeyjnqwxywmpmnqpts.supabase.co/storage/v1/object/public/media/projects/IndyChildrenMuseum/DJI_20250827195344_0062_D.jpg"",""https://fweeyjnqwxywmpmnqpts.supabase.co/storage/v1/object/public/media/projects/IndyChildrenMuseum/DJI_20250827195357_0065_D.jpg"",""https://fweeyjnqwxywmpmnqpts.supabase.co/storage/v1/object/public/media/projects/IndyChildrenMuseum/DJI_20250827204912_0069_D.jpg"",""https://fweeyjnqwxywmpmnqpts.supabase.co/storage/v1/object/public/media/projects/IndyChildrenMuseum/DJI_20250827205220_0076_D.jpg"",""https://fweeyjnqwxywmpmnqpts.supabase.co/storage/v1/object/public/media/projects/IndyChildrenMuseum/DSC07644.jpg"",""https://fweeyjnqwxywmpmnqpts.supabase.co/storage/v1/object/public/media/projects/IndyChildrenMuseum/DSC07669.jpg"",""https://fweeyjnqwxywmpmnqpts.supabase.co/storage/v1/object/public/media/projects/IndyChildrenMuseum/DSC07672.jpg"",""https://fweeyjnqwxywmpmnqpts.supabase.co/storage/v1/object/public/media/projects/IndyChildrenMuseum/DSC07682.jpg""]",,,,https://fweeyjnqwxywmpmnqpts.supabase.co/storage/v1/object/public/media/logos/IndyChildrensMuseumLogo.png,,,,,,false,"[""https://fweeyjnqwxywmpmnqpts.supabase.co/storage/v1/object/public/media/logos/IndyChildrensMuseumLogo.png"",""https://fweeyjnqwxywmpmnqpts.supabase.co/storage/v1/object/public/media/logos/RideWorxLogo.png""]"